{
  "detectors": {
    "brittle_lock": {
      "confidence": 0.0,
      "fired": false,
      "longest_window_s": 0.0,
      "windows_s": []
    },
    "dominant_cluster": {
      "confidence": 0.0,
      "fired": false,
      "longest_window_s": 0.0,
      "windows_s": []
    },
    "drifting": {
      "confidence": 0.0,
      "fired": false,
      "longest_window_s": 0.0,
      "windows_s": []
    },
    "flam": {
      "confidence": 0.0,
      "fired": false,
      "longest_window_s": 0.0,
      "windows_s": []
    },
    "phase_beating": {
      "confidence": 0.0,
      "fired": false,
      "longest_window_s": 0.0,
      "windows_s": []
    },
    "phase_locked": {
      "confidence": 0.0,
      "fired": false,
      "longest_window_s": 0.0,
      "windows_s": []
    },
    "polyrhythmic": {
      "confidence": 0.017846879107927798,
      "fired": true,
      "longest_window_s": 9.005,
      "windows_s": [
        [
          1.0,
          10.005
        ]
      ]
    },
    "unstable_bridge": {
      "confidence": 0.0,
      "fired": false,
      "longest_window_s": 0.0,
      "windows_s": []
    }
  },
  "meta": {
    "N": 4,
    "config_name": "regime_polyrhythmic",
    "config_path": "configs/regime_polyrhythmic.yaml",
    "control_rate_hz": 200,
    "duration_s": 10.0
  },
  "schema_version": 1,
  "stats": {
    "mean_r": 0.4492523670196533,
    "pulse_raster": [
      [
        0.37,
        0.865,
        1.37,
        1.86,
        2.37,
        2.86,
        3.365,
        3.86,
        4.365,
        4.86,
        5.365,
        5.855,
        6.365,
        6.855,
        7.365,
        7.855,
        8.36,
        8.855,
        9.36,
        9.855
      ],
      [
        0.025,
        0.355,
        0.69,
        1.025,
        1.355,
        1.69,
        2.025,
        2.355,
        2.69,
        3.025,
        3.355,
        3.69,
        4.025,
        4.355,
        4.695,
        5.025,
        5.355,
        5.695,
        6.025,
        6.355,
        6.695,
        7.03,
        7.36,
        7.695,
        8.03,
        8.36,
        8.695,
        9.03,
        9.36,
        9.695
      ],
      [
        0.155,
        0.395,
        0.63,
        0.87,
        1.11,
        1.345,
        1.585,
        1.82,
        2.06,
        2.3,
        2.535,
        2.775,
        3.01,
        3.25,
        3.49,
        3.725,
        3.965,
        4.205,
        4.44,
        4.68,
        4.915,
        5.155,
        5.395,
        5.63,
        5.87,
        6.11,
        6.345,
        6.585,
        6.82,
        7.06,
        7.3,
        7.535,
        7.775,
        8.01,
        8.25,
        8.49,
        8.725,
        8.965,
        9.205,
        9.44,
        9.68,
        9.915
      ],
      [
        0.17,
        0.38,
        0.585,
        0.795,
        1.005,
        1.21,
        1.42,
        1.63,
        1.835,
        2.045,
        2.255,
        2.46,
        2.67,
        2.88,
        3.085,
        3.295,
        3.505,
        3.71,
        3.92,
        4.13,
        4.335,
        4.545,
        4.755,
        4.96,
        5.17,
        5.38,
        5.585,
        5.795,
        6.005,
        6.21,
        6.42,
        6.63,
        6.835,
        7.045,
        7.255,
        7.46,
        7.67,
        7.88,
        8.085,
        8.295,
        8.505,
        8.71,
        8.92,
        9.13,
        9.335,
        9.545,
        9.755,
        9.96
      ]
    ],
    "r_series": {
      "fps": 20.0,
      "values": [
        0.5958,
        0.5215,
        0.3476,
        0.1015,
        0.2152,
        0.5073,
        0.7527,
        0.9121,
        0.9641,
        0.906,
        0.7534,
        0.5366,
        0.2979,
        0.1157,
        0.1779,
        0.2717,
        0.2885,
        0.2253,
        0.1039,
        0.0716,
        0.2128,
        0.322,
        0.3757,
        0.3818,
        0.3841,
        0.4403,
        0.5534,
        0.6723,
        0.7471,
        0.7466,
        0.6609,
        0.5,
        0.2972,
        0.1603,
        0.2713,
        0.4198,
        0.5001,
        0.4939,
        0.4222,
        0.3649,
        0.4376,
        0.6104,
        0.7784,
        0.8771,
        0.8767,
        0.7739,
        0.5883,
        0.3602,
        0.1797,
        0.2415,
        0.3816,
        0.4624,
        0.4647,
        0.3974,
        0.2858,
        0.1674,
        0.0928,
        0.0806,
        0.0527,
        0.0723,
        0.225,
        0.4165,
        0.603,
        0.7424,
        0.7996,
        0.755,
        0.6074,
        0.3745,
        0.0893,
        0.2099,
        0.4765,
        0.6752,
        0.7812,
        0.7872,
        0.7068,
        0.5768,
        0.4622,
        0.4358,
        0.4862,
        0.5296,
        0.5099,
        0.4134,
        0.2638,
        0.1665,
        0.2768,
        0.4289,
        0.5296,
        0.5581,
        0.5228,
        0.4571,
        0.4129,
        0.4256,
        0.4686,
        0.4908,
        0.4629,
        0.3892,
        0.3186,
        0.3367,
        0.4398,
        0.5388,
        0.5712,
        0.5075,
        0.3448,
        0.1131,
        0.2144,
        0.503,
        0.7505,
        0.9145,
        0.9715,
        0.9176,
        0.7669,
        0.5486,
        0.3028,
        0.0961,
        0.1642,
        0.2732,
        0.3022,
        0.2497,
        0.1375,
        0.0618,
        0.1829,
        0.2923,
        0.3497,
        0.361,
        0.369,
        0.4315,
        0.5502,
        0.6744,
        0.7541,
        0.758,
        0.6748,
        0.5131,
        0.3026,
        0.1387,
        0.2526,
        0.4156,
        0.5103,
        0.5181,
        0.4564,
        0.3933,
        0.4389,
        0.5922,
        0.7546,
        0.8558,
        0.8615,
        0.7655,
        0.5856,
        0.3615,
        0.1861,
        0.2512,
        0.3942,
        0.4794,
        0.4861,
        0.4224,
        0.3135,
        0.1976,
        0.1241,
        0.1082,
        0.0857,
        0.0799,
        0.2077,
        0.3922,
        0.5779,
        0.7206,
        0.7839,
        0.746,
        0.6044,
        0.3753,
        0.0919,
        0.2117,
        0.4829,
        0.688,
        0.8006,
        0.8119,
        0.7332,
        0.5976,
        0.4654,
        0.4138,
        0.4519,
        0.4969,
        0.4844,
        0.3955,
        0.249,
        0.1452,
        0.2611,
        0.4189,
        0.5249,
        0.5588,
        0.5287,
        0.4675,
        0.4274,
        0.4432,
        0.4896,
        0.5153,
        0.4896,
        0.4129,
        0.3258,
        0.3156,
        0.4055,
        0.5061,
        0.5468
      ]
    },
    "tail_1s_mean_r": 0.4198142886161804,
    "tail_2way_velocity_separability": 1.207400550415861
  }
}
