{
  "detectors": {
    "brittle_lock": {
      "confidence": 0.0,
      "fired": false,
      "longest_window_s": 0.0,
      "windows_s": []
    },
    "dominant_cluster": {
      "confidence": 0.0,
      "fired": false,
      "longest_window_s": 0.0,
      "windows_s": []
    },
    "drifting": {
      "confidence": 0.1842387467622757,
      "fired": true,
      "longest_window_s": 7.995,
      "windows_s": [
        [
          0.01,
          8.005
        ]
      ]
    },
    "flam": {
      "confidence": 0.0,
      "fired": false,
      "longest_window_s": 0.0,
      "windows_s": []
    },
    "phase_beating": {
      "confidence": 0.0,
      "fired": false,
      "longest_window_s": 0.0,
      "windows_s": []
    },
    "phase_locked": {
      "confidence": 0.0,
      "fired": false,
      "longest_window_s": 0.0,
      "windows_s": []
    },
    "polyrhythmic": {
      "confidence": 0.0,
      "fired": false,
      "longest_window_s": 0.0,
      "windows_s": []
    },
    "unstable_bridge": {
      "confidence": 0.0,
      "fired": false,
      "longest_window_s": 0.0,
      "windows_s": []
    }
  },
  "meta": {
    "N": 8,
    "config_name": "regime_drifting",
    "config_path": "configs/regime_drifting.yaml",
    "control_rate_hz": 200,
    "duration_s": 8.0
  },
  "schema_version": 1,
  "stats": {
    "mean_r": 0.3160172700881958,
    "pulse_raster": [
      [
        0.565,
        1.335,
        2.1,
        2.865,
        3.635,
        4.395,
        5.17,
        5.94,
        6.71,
        7.485
      ],
      [
        0.03,
        0.505,
        0.985,
        1.46,
        1.935,
        2.415,
        2.89,
        3.37,
        3.845,
        4.315,
        4.795,
        5.265,
        5.745,
        6.215,
        6.69,
        7.17,
        7.645
      ],
      [
        0.21,
        0.54,
        0.87,
        1.2,
        1.525,
        1.855,
        2.18,
        2.51,
        2.835,
        3.165,
        3.495,
        3.815,
        4.145,
        4.47,
        4.8,
        5.125,
        5.455,
        5.78,
        6.11,
        6.44,
        6.77,
        7.1,
        7.425,
        7.755
      ],
      [
        0.22,
        0.49,
        0.76,
        1.03,
        1.3,
        1.57,
        1.84,
        2.115,
        2.385,
        2.655,
        2.92,
        3.195,
        3.465,
        3.735,
        4.005,
        4.275,
        4.545,
        4.795,
        5.055,
        5.305,
        5.555,
        5.81,
        6.06,
        6.32,
        6.575,
        6.825,
        7.08,
        7.335,
        7.585,
        7.84
      ],
      [
        0.095,
        0.32,
        0.54,
        0.765,
        0.99,
        1.215,
        1.44,
        1.665,
        1.89,
        2.115,
        2.34,
        2.565,
        2.79,
        3.015,
        3.24,
        3.46,
        3.685,
        3.915,
        4.135,
        4.365,
        4.585,
        4.81,
        5.035,
        5.26,
        5.485,
        5.71,
        5.94,
        6.165,
        6.385,
        6.61,
        6.835,
        7.06,
        7.285,
        7.51,
        7.735,
        7.96
      ],
      [
        0.105,
        0.295,
        0.49,
        0.68,
        0.875,
        1.065,
        1.26,
        1.45,
        1.64,
        1.835,
        2.025,
        2.22,
        2.41,
        2.605,
        2.795,
        2.99,
        3.18,
        3.375,
        3.565,
        3.755,
        3.95,
        4.14,
        4.335,
        4.525,
        4.72,
        4.91,
        5.105,
        5.295,
        5.49,
        5.68,
        5.945,
        6.14,
        6.33,
        6.525,
        6.715,
        6.905,
        7.1,
        7.29,
        7.485,
        7.675,
        7.87
      ],
      [
        0.29,
        0.675,
        1.055,
        1.44,
        1.83,
        2.215,
        2.6,
        2.985,
        3.37,
        3.755,
        4.14,
        4.525,
        4.91,
        5.29,
        5.675,
        6.065,
        6.445,
        6.83,
        7.215,
        7.6,
        7.985
      ],
      [
        0.39,
        0.935,
        1.475,
        2.01,
        2.56,
        3.095,
        3.635,
        4.185,
        4.72,
        5.265,
        5.805,
        6.345,
        6.88,
        7.415,
        7.96
      ]
    ],
    "r_series": {
      "fps": 25.0,
      "values": [
        0.5292,
        0.3833,
        0.2437,
        0.219,
        0.2945,
        0.3456,
        0.3276,
        0.2411,
        0.1272,
        0.1657,
        0.3196,
        0.4551,
        0.5316,
        0.5391,
        0.4803,
        0.3743,
        0.246,
        0.1272,
        0.0716,
        0.0922,
        0.1083,
        0.1071,
        0.1196,
        0.1544,
        0.2035,
        0.2537,
        0.2981,
        0.333,
        0.3513,
        0.3404,
        0.282,
        0.1713,
        0.0216,
        0.172,
        0.352,
        0.4983,
        0.579,
        0.5818,
        0.5193,
        0.4233,
        0.3841,
        0.4654,
        0.6011,
        0.7131,
        0.756,
        0.7203,
        0.6114,
        0.4551,
        0.2871,
        0.1526,
        0.1342,
        0.1873,
        0.2251,
        0.2525,
        0.2784,
        0.3115,
        0.3316,
        0.3129,
        0.2563,
        0.1615,
        0.0503,
        0.0697,
        0.1665,
        0.2383,
        0.2804,
        0.3119,
        0.3409,
        0.3649,
        0.3712,
        0.3358,
        0.255,
        0.1451,
        0.1216,
        0.2378,
        0.358,
        0.4293,
        0.4344,
        0.3686,
        0.2472,
        0.1209,
        0.1503,
        0.2718,
        0.3649,
        0.4064,
        0.3962,
        0.3485,
        0.2845,
        0.2224,
        0.1799,
        0.1737,
        0.2193,
        0.3155,
        0.4192,
        0.5065,
        0.5413,
        0.5087,
        0.4156,
        0.2913,
        0.2272,
        0.3106,
        0.4373,
        0.5232,
        0.5356,
        0.4718,
        0.3451,
        0.1855,
        0.0258,
        0.1133,
        0.2011,
        0.2317,
        0.2107,
        0.1792,
        0.1945,
        0.2686,
        0.3485,
        0.4015,
        0.418,
        0.4045,
        0.3722,
        0.339,
        0.315,
        0.3114,
        0.3324,
        0.365,
        0.3953,
        0.3929,
        0.3447,
        0.2394,
        0.1023,
        0.1616,
        0.3582,
        0.5401,
        0.657,
        0.6856,
        0.6208,
        0.4723,
        0.2773,
        0.1532,
        0.2964,
        0.4676,
        0.5714,
        0.5945,
        0.5472,
        0.4502,
        0.5742,
        0.463,
        0.3176,
        0.1741,
        0.0751,
        0.0939,
        0.1386,
        0.1812,
        0.238,
        0.3079,
        0.3705,
        0.3997,
        0.3908,
        0.3449,
        0.2792,
        0.2158,
        0.1823,
        0.1648,
        0.1363,
        0.0749,
        0.0198,
        0.117,
        0.2142,
        0.2935,
        0.3522,
        0.4045,
        0.4599,
        0.5253,
        0.5868,
        0.6173,
        0.595,
        0.5144,
        0.3877,
        0.2569,
        0.2149,
        0.2876,
        0.3574,
        0.371,
        0.3228,
        0.2325,
        0.1492,
        0.1798,
        0.2653,
        0.3178,
        0.3112,
        0.2446,
        0.1486,
        0.1129,
        0.1973,
        0.2748,
        0.3063,
        0.2859,
        0.2353,
        0.2082,
        0.2496,
        0.3272,
        0.3862
      ]
    },
    "tail_1s_mean_r": 0.266825795173645,
    "tail_2way_velocity_separability": 1.4244519032255267
  }
}
