{
  "detectors": {
    "brittle_lock": {
      "confidence": 0.0,
      "fired": false,
      "longest_window_s": 0.0,
      "windows_s": []
    },
    "dominant_cluster": {
      "confidence": 0.0,
      "fired": false,
      "longest_window_s": 0.0,
      "windows_s": []
    },
    "drifting": {
      "confidence": 0.1768052875995636,
      "fired": true,
      "longest_window_s": 11.925,
      "windows_s": [
        [
          0.015,
          11.94
        ]
      ]
    },
    "flam": {
      "confidence": 0.0,
      "fired": false,
      "longest_window_s": 0.0,
      "windows_s": []
    },
    "phase_beating": {
      "confidence": 0.09783562578614191,
      "fired": true,
      "longest_window_s": 11.005,
      "windows_s": [
        [
          1.0,
          12.005
        ]
      ]
    },
    "phase_locked": {
      "confidence": 0.0,
      "fired": false,
      "longest_window_s": 0.0,
      "windows_s": []
    },
    "polyrhythmic": {
      "confidence": 0.0,
      "fired": false,
      "longest_window_s": 0.0,
      "windows_s": []
    },
    "unstable_bridge": {
      "confidence": 0.0,
      "fired": false,
      "longest_window_s": 0.0,
      "windows_s": []
    }
  },
  "meta": {
    "N": 8,
    "config_name": "regime_phase_beating",
    "config_path": "configs/regime_phase_beating.yaml",
    "control_rate_hz": 200,
    "duration_s": 12.0
  },
  "schema_version": 1,
  "stats": {
    "mean_r": 0.3245231807231903,
    "pulse_raster": [
      [
        0.37,
        0.875,
        1.38,
        1.875,
        2.37,
        2.865,
        3.36,
        3.855,
        4.355,
        4.855,
        5.36,
        5.865,
        6.37,
        6.87,
        7.365,
        7.86,
        8.355,
        8.85,
        9.345,
        9.845,
        10.35,
        10.855,
        11.36,
        11.86
      ],
      [
        0.03,
        0.48,
        0.93,
        1.385,
        1.84,
        2.295,
        2.755,
        3.215,
        3.675,
        4.13,
        4.585,
        5.04,
        5.49,
        5.94,
        6.39,
        6.845,
        7.3,
        7.76,
        8.22,
        8.68,
        9.14,
        9.595,
        10.045,
        10.495,
        10.945,
        11.4,
        11.85
      ],
      [
        0.165,
        0.415,
        0.665,
        0.91,
        1.16,
        1.41,
        1.66,
        1.91,
        2.165,
        2.415,
        2.665,
        2.91,
        3.16,
        3.41,
        3.66,
        3.91,
        4.165,
        4.415,
        4.66,
        4.91,
        5.16,
        5.41,
        5.66,
        5.91,
        6.16,
        6.41,
        6.66,
        6.91,
        7.16,
        7.41,
        7.66,
        7.91,
        8.16,
        8.41,
        8.66,
        8.91,
        9.16,
        9.41,
        9.66,
        9.91,
        10.16,
        10.41,
        10.66,
        10.91,
        11.16,
        11.41,
        11.66,
        11.91
      ],
      [
        0.18,
        0.405,
        0.625,
        0.85,
        1.07,
        1.295,
        1.515,
        1.74,
        1.96,
        2.18,
        2.405,
        2.625,
        2.85,
        3.07,
        3.295,
        3.515,
        3.74,
        3.96,
        4.18,
        4.4,
        4.625,
        4.85,
        5.07,
        5.295,
        5.515,
        5.74,
        5.96,
        6.18,
        6.4,
        6.625,
        6.85,
        7.07,
        7.295,
        7.515,
        7.74,
        7.96,
        8.18,
        8.4,
        8.625,
        8.85,
        9.07,
        9.295,
        9.515,
        9.74,
        9.96,
        10.18,
        10.4,
        10.625,
        10.85,
        11.07,
        11.295,
        11.515,
        11.735,
        11.96
      ],
      [
        0.085,
        0.285,
        0.485,
        0.685,
        0.88,
        1.08,
        1.28,
        1.48,
        1.68,
        1.885,
        2.085,
        2.285,
        2.485,
        2.685,
        2.88,
        3.08,
        3.28,
        3.48,
        3.68,
        3.885,
        4.085,
        4.285,
        4.485,
        4.685,
        4.88,
        5.08,
        5.28,
        5.48,
        5.68,
        5.885,
        6.085,
        6.285,
        6.485,
        6.685,
        6.88,
        7.08,
        7.28,
        7.48,
        7.68,
        7.885,
        8.085,
        8.285,
        8.485,
        8.685,
        8.88,
        9.08,
        9.28,
        9.48,
        9.68,
        9.885,
        10.085,
        10.285,
        10.485,
        10.685,
        10.88,
        11.08,
        11.28,
        11.48,
        11.685,
        11.885
      ],
      [
        0.1,
        0.28,
        0.46,
        0.645,
        0.825,
        1.01,
        1.19,
        1.37,
        1.555,
        1.735,
        1.915,
        2.095,
        2.28,
        2.46,
        2.645,
        2.825,
        3.01,
        3.19,
        3.37,
        3.555,
        3.735,
        3.915,
        4.1,
        4.28,
        4.46,
        4.645,
        4.825,
        5.01,
        5.19,
        5.37,
        5.555,
        5.735,
        5.915,
        6.1,
        6.28,
        6.46,
        6.645,
        6.825,
        7.01,
        7.19,
        7.37,
        7.555,
        7.735,
        7.915,
        8.1,
        8.28,
        8.46,
        8.645,
        8.825,
        9.01,
        9.19,
        9.37,
        9.555,
        9.735,
        9.915,
        10.1,
        10.28,
        10.46,
        10.645,
        10.825,
        11.01,
        11.19,
        11.375,
        11.555,
        11.735,
        11.915
      ],
      [
        0.12,
        0.28,
        0.435,
        0.595,
        0.755,
        0.915,
        1.07,
        1.23,
        1.39,
        1.55,
        1.705,
        1.865,
        2.025,
        2.185,
        2.34,
        2.5,
        2.66,
        2.82,
        2.975,
        3.135,
        3.295,
        3.455,
        3.61,
        3.77,
        3.93,
        4.09,
        4.245,
        4.405,
        4.565,
        4.725,
        4.88,
        5.04,
        5.2,
        5.36,
        5.515,
        5.675,
        5.835,
        5.995,
        6.15,
        6.31,
        6.47,
        6.63,
        6.785,
        6.945,
        7.105,
        7.265,
        7.42,
        7.58,
        7.74,
        7.895,
        8.055,
        8.215,
        8.375,
        8.535,
        8.69,
        8.85,
        9.01,
        9.17,
        9.325,
        9.485,
        9.645,
        9.805,
        9.96,
        10.12,
        10.28,
        10.435,
        10.595,
        10.755,
        10.915,
        11.075,
        11.23,
        11.39,
        11.55,
        11.705,
        11.865
      ],
      [
        0.105,
        0.245,
        0.39,
        0.535,
        0.675,
        0.82,
        0.96,
        1.105,
        1.245,
        1.39,
        1.535,
        1.675,
        1.82,
        1.96,
        2.105,
        2.245,
        2.39,
        2.535,
        2.675,
        2.82,
        2.96,
        3.105,
        3.245,
        3.39,
        3.535,
        3.675,
        3.82,
        3.96,
        4.105,
        4.245,
        4.39,
        4.535,
        4.675,
        4.82,
        4.96,
        5.105,
        5.245,
        5.39,
        5.535,
        5.675,
        5.82,
        5.96,
        6.105,
        6.245,
        6.39,
        6.535,
        6.675,
        6.82,
        6.96,
        7.105,
        7.245,
        7.39,
        7.535,
        7.675,
        7.82,
        7.96,
        8.105,
        8.245,
        8.39,
        8.535,
        8.675,
        8.82,
        8.96,
        9.105,
        9.245,
        9.39,
        9.535,
        9.675,
        9.82,
        9.96,
        10.105,
        10.245,
        10.39,
        10.535,
        10.675,
        10.82,
        10.96,
        11.105,
        11.245,
        11.39,
        11.535,
        11.675,
        11.82,
        11.96
      ]
