{
  "detectors": {
    "brittle_lock": {
      "confidence": 0.0,
      "fired": false,
      "longest_window_s": 0.0,
      "windows_s": []
    },
    "dominant_cluster": {
      "confidence": 0.0,
      "fired": false,
      "longest_window_s": 0.0,
      "windows_s": []
    },
    "drifting": {
      "confidence": 0.0,
      "fired": false,
      "longest_window_s": 0.0,
      "windows_s": []
    },
    "flam": {
      "confidence": 0.8333333333333334,
      "fired": true,
      "longest_window_s": 11.005,
      "windows_s": [
        [
          1.0,
          12.005
        ]
      ]
    },
    "phase_beating": {
      "confidence": 0.0,
      "fired": false,
      "longest_window_s": 0.0,
      "windows_s": []
    },
    "phase_locked": {
      "confidence": 0.0,
      "fired": false,
      "longest_window_s": 0.0,
      "windows_s": []
    },
    "polyrhythmic": {
      "confidence": 0.0,
      "fired": false,
      "longest_window_s": 0.0,
      "windows_s": []
    },
    "unstable_bridge": {
      "confidence": 0.0,
      "fired": false,
      "longest_window_s": 0.0,
      "windows_s": []
    }
  },
  "meta": {
    "N": 4,
    "config_name": "regime_flam",
    "config_path": "configs/regime_flam.yaml",
    "control_rate_hz": 200,
    "duration_s": 12.0
  },
  "schema_version": 1,
  "stats": {
    "mean_r": 0.553771436214447,
    "pulse_raster": [
      [
        0.405,
        0.91,
        1.395,
        1.875,
        2.35,
        2.825,
        3.3,
        3.78,
        4.255,
        4.73,
        5.205,
        5.685,
        6.16,
        6.635,
        7.11,
        7.585,
        8.065,
        8.54,
        9.015,
        9.49,
        9.97,
        10.445,
        10.92,
        11.395,
        11.875
      ],
      [
        0.03,
        0.445,
        0.895,
        1.365,
        1.84,
        2.315,
        2.79,
        3.27,
        3.745,
        4.22,
        4.695,
        5.175,
        5.65,
        6.125,
        6.6,
        7.075,
        7.555,
        8.03,
        8.505,
        8.98,
        9.46,
        9.935,
        10.41,
        10.885,
        11.365,
        11.84
      ],
      [
        0.165,
        0.41,
        0.665,
        0.91,
        1.165,
        1.41,
        1.665,
        1.91,
        2.165,
        2.415,
        2.665,
        2.915,
        3.165,
        3.415,
        3.66,
        3.915,
        4.165,
        4.415,
        4.66,
        4.915,
        5.165,
        5.415,
        5.66,
        5.915,
        6.165,
        6.415,
        6.66,
        6.915,
        7.165,
        7.415,
        7.665,
        7.915,
        8.165,
        8.415,
        8.665,
        8.915,
        9.165,
        9.415,
        9.665,
        9.915,
        10.165,
        10.415,
        10.665,
        10.915,
        11.165,
        11.415,
        11.665,
        11.915
      ],
      [
        0.165,
        0.365,
        0.565,
        0.765,
        0.965,
        1.165,
        1.365,
        1.565,
        1.765,
        1.965,
        2.165,
        2.365,
        2.565,
        2.765,
        2.965,
        3.165,
        3.365,
        3.565,
        3.765,
        3.965,
        4.165,
        4.365,
        4.565,
        4.765,
        4.965,
        5.165,
        5.365,
        5.565,
        5.765,
        5.965,
        6.165,
        6.365,
        6.565,
        6.765,
        6.965,
        7.165,
        7.365,
        7.565,
        7.765,
        7.965,
        8.165,
        8.365,
        8.565,
        8.765,
        8.965,
        9.165,
        9.365,
        9.565,
        9.765,
        9.965,
        10.165,
        10.365,
        10.565,
        10.765,
        10.965,
        11.165,
        11.365,
        11.565,
        11.765,
        11.965
      ]
    ],
    "r_series": {
      "fps": 16.666666666666668,
      "values": [
        0.5958,
        0.4501,
        0.187,
        0.2999,
        0.6374,
        0.8516,
        0.8699,
        0.7034,
        0.4433,
        0.3133,
        0.429,
        0.5,
        0.4305,
        0.3309,
        0.466,
        0.7266,
        0.8962,
        0.8794,
        0.6622,
        0.2898,
        0.1526,
        0.5556,
        0.8164,
        0.8781,
        0.7516,
        0.5183,
        0.3603,
        0.4275,
        0.4985,
        0.4312,
        0.2807,
        0.3678,
        0.6589,
        0.8833,
        0.9299,
        0.7699,
        0.4373,
        0.0095,
        0.4111,
        0.7163,
        0.8361,
        0.7655,
        0.572,
        0.4138,
        0.4506,
        0.5248,
        0.4691,
        0.2824,
        0.2644,
        0.5746,
        0.851,
        0.9611,
        0.8613,
        0.5735,
        0.1667,
        0.2623,
        0.6031,
        0.7753,
        0.7583,
        0.6058,
        0.4592,
        0.4809,
        0.5631,
        0.5284,
        0.3362,
        0.1664,
        0.4688,
        0.7924,
        0.9656,
        0.9297,
        0.6933,
        0.3169,
        0.1176,
        0.48,
        0.6972,
        0.7301,
        0.6182,
        0.4889,
        0.507,
        0.603,
        0.5974,
        0.4241,
        0.1389,
        0.3439,
        0.7078,
        0.9419,
        0.9722,
        0.793,
        0.4549,
        0.0772,
        0.3552,
        0.6075,
        0.6849,
        0.6107,
        0.5002,
        0.5216,
        0.6364,
        0.6662,
        0.526,
        0.2271,
        0.2045,
        0.5996,
        0.8899,
        0.9871,
        0.8696,
        0.577,
        0.2028,
        0.243,
        0.5139,
        0.6282,
        0.587,
        0.4928,
        0.5198,
        0.6571,
        0.7269,
        0.6285,
        0.3547,
        0.0603,
        0.4712,
        0.8109,
        0.9734,
        0.9207,
        0.6796,
        0.3321,
        0.1773,
        0.4265,
        0.5678,
        0.5531,
        0.4691,
        0.499,
        0.6604,
        0.7735,
        0.7232,
        0.4872,
        0.1094,
        0.3269,
        0.7074,
        0.9314,
        0.9449,
        0.7601,
        0.4483,
        0.2007,
        0.3584,
        0.5127,
        0.5172,
        0.4347,
        0.4587,
        0.6432,
        0.8015,
        0.8039,
        0.6136,
        0.2624,
        0.1719,
        0.583,
        0.8624,
        0.9414,
        0.8162,
        0.5466,
        0.2796,
        0.3241,
        0.4727,
        0.4894,
        0.3992,
        0.4008,
        0.6034,
        0.8074,
        0.8659,
        0.7276,
        0.4124,
        0.0158,
        0.442,
        0.7691,
        0.9107,
        0.8468,
        0.6242,
        0.3669,
        0.3291,
        0.455,
        0.4793,
        0.3765,
        0.3311,
        0.5407,
        0.7891,
        0.9057,
        0.8245,
        0.5528,
        0.1503,
        0.2898,
        0.6551,
        0.8544,
        0.8515,
        0.6791,
        0.4448,
        0.3624,
        0.4605,
        0.4918,
        0.3811,
        0.2631,
        0.4561,
        0.7453,
        0.9204
      ]
    },
    "tail_1s_mean_r": 0.5427241325378418,
    "tail_2way_velocity_separability": 1.9020451618390357
  }
}
